﻿[데이터셋1] 가맹점 개요정보,,,,,,,
,,,,,,,
 [상세요건],,,,,,,
 - 신한카드 요식업종 서울 성동구 지역 영세/중소 가맹점,,,,,,,
" - 데이터 총 건수 4,185건",,,,,,,
,,,,,,,
,,,,,,,
,구분,컬럼명,컬럼한글명,타입,NULL,항목 설명,
,1,ENCODED_MCT,가맹점구분번호,VARCHAR,N,,
,2,MCT_BSE_AR,가맹점주소,VARCHAR,N,상세주소 제외,
,3,MCT_NM,가맹점명,VARCHAR,N,"앞2자리이후 마스킹처리(가맹점명이 2자리인경우 : 앞1자리 제외 마스킹, 가맹점명이 1자리인경우 : 전부 마스킹처리)",
,4,MCT_BRD_NUM,브랜드구분코드,VARCHAR,Y,동일 브랜드 매장 식별을 위한 구분코드,
,5,MCT_SIGUNGU_NM,가맹점지역,VARCHAR,N,,
,6,HPSN_MCT_ZCD_NM,업종,VARCHAR,N,,
,7,HPSN_MCT_BZN_CD_NM,상권,VARCHAR,Y,,
,8,ARE_D,개설일,VARCHAR,N,,
,9,MCT_ME_D,폐업일,VARCHAR,Y,,